<?xml version="1.0"?>
<opencv_storage>
<M1 type_id="opencv-matrix">
  <rows>3</rows>
  <cols>3</cols>
  <dt>d</dt>
  <data>
    5.8997728026038408e+02 0. 3.2003524626864555e+02 0.
    5.8747007198966912e+02 2.3869038717782141e+02 0. 0. 1.</data></M1>
<D1 type_id="opencv-matrix">
  <rows>1</rows>
  <cols>14</cols>
  <dt>d</dt>
  <data>
    2.6897037746867063e-02 -2.4541659806722346e-01 0. 0. 0. 0. 0.
    -2.5507961340666227e-02 0. 0. 0. 0. 0. 0.</data></D1>
<M2 type_id="opencv-matrix">
  <rows>3</rows>
  <cols>3</cols>
  <dt>d</dt>
  <data>
    5.8997728026038408e+02 0. 3.2370990962673892e+02 0.
    5.8747007198966912e+02 2.4100097026440190e+02 0. 0. 1.</data></M2>
<D2 type_id="opencv-matrix">
  <rows>1</rows>
  <cols>14</cols>
  <dt>d</dt>
  <data>
    4.9390107355699771e-02 -6.1380054037909859e-01 0. 0. 0. 0. 0.
    -1.1417818043366406e+00 0. 0. 0. 0. 0. 0.</data></D2>
</opencv_storage>
