<?xml version="1.0"?>
<opencv_storage>
<M1 type_id="opencv-matrix">
  <rows>3</rows>
  <cols>3</cols>
  <dt>d</dt>
  <data>
    5.8383242304547355e+02 0. 3.1964550548016973e+02 0.
    5.8138372855533771e+02 2.3883907960539787e+02 0. 0. 1.</data></M1>
<D1 type_id="opencv-matrix">
  <rows>1</rows>
  <cols>14</cols>
  <dt>d</dt>
  <data>
    3.1220429912910363e-02 -2.1534739306315906e-01 0. 0. 0. 0. 0.
    8.0524892859895683e-02 0. 0. 0. 0. 0. 0.</data></D1>
<M2 type_id="opencv-matrix">
  <rows>3</rows>
  <cols>3</cols>
  <dt>d</dt>
  <data>
    5.8383242304547355e+02 0. 3.2320655151019457e+02 0.
    5.8138372855533771e+02 2.4133538914619379e+02 0. 0. 1.</data></M2>
<D2 type_id="opencv-matrix">
  <rows>1</rows>
  <cols>14</cols>
  <dt>d</dt>
  <data>
    5.9541789012073715e-02 -8.0216276709221512e-01 0. 0. 0. 0. 0.
    -1.9490704371500187e+00 0. 0. 0. 0. 0. 0.</data></D2>
</opencv_storage>
