<?xml version="1.0"?>
<opencv_storage>
<M1 type_id="opencv-matrix">
  <rows>3</rows>
  <cols>3</cols>
  <dt>d</dt>
  <data>
    5.6769874837769032e+02 0. 3.2063759644769959e+02 0.
    5.6476748440107360e+02 2.3828696316116398e+02 0. 0. 1.</data></M1>
<D1 type_id="opencv-matrix">
  <rows>1</rows>
  <cols>14</cols>
  <dt>d</dt>
  <data>
    1.0578835524173053e-01 -5.4309728530591606e-01 0. 0. 0. 0. 0.
    -3.5065289039508313e-01 0. 0. 0. 0. 0. 0.</data></D1>
<M2 type_id="opencv-matrix">
  <rows>3</rows>
  <cols>3</cols>
  <dt>d</dt>
  <data>
    5.6769874837769032e+02 0. 3.2538680793480961e+02 0.
    5.6476748440107360e+02 2.4115070712524337e+02 0. 0. 1.</data></M2>
<D2 type_id="opencv-matrix">
  <rows>1</rows>
  <cols>14</cols>
  <dt>d</dt>
  <data>
    -2.5824553089586155e-02 6.0634229571370246e-01 0. 0. 0. 0. 0.
    2.5924890947333790e+00 0. 0. 0. 0. 0. 0.</data></D2>
</opencv_storage>
